{
 "id": "core:arrokoth",
 "parent": "core:sun",
 "mu_m3s2": 30000.0,
 "radius_m": 9000.0,
 "rotation_period_s": 57240.0,
 "elements": {
  "a_m": 6669000000000.0,
  "e": 0.042,
  "lon_peri_rad": 5.8171823969,
  "t_peri_s": -8245171801.409876,
  "sense": 1
 },
 "soi_m": 0.0
}
