{
 "id": "core:callisto",
 "parent": "core:jupiter",
 "mu_m3s2": 7179300000000.0,
 "radius_m": 2410300.0,
 "rotation_period_s": 1442069.9431788782,
 "elements": {
  "a_m": 1882700000.0,
  "e": 0.0074,
  "lon_peri_rad": 0.0,
  "t_peri_s": -340488.736584,
  "sense": 1
 },
 "soi_m": 37680944.607597314
}
