{
 "id": "core:charon",
 "parent": "core:pluto",
 "mu_m3s2": 105900000000.0,
 "radius_m": 606000.0,
 "rotation_period_s": 584482.145404662,
 "elements": {
  "a_m": 19596000.0,
  "e": 0.0002,
  "lon_peri_rad": 0.0,
  "t_peri_s": -0.0,
  "sense": 1
 },
 "soi_m": 8441079.729798907
}
