{
 "id": "core:earth",
 "parent": "core:sun",
 "mu_m3s2": 398600441800000.0,
 "radius_m": 6371000.0,
 "rotation_period_s": 86162.40000000001,
 "elements": {
  "a_m": 149597870700.0,
  "e": 0.0167,
  "lon_peri_rad": 1.7959438003,
  "t_peri_s": -31339041.879226,
  "sense": 1
 },
 "soi_m": 924646795.104645
}
