{
 "id": "core:oberon",
 "parent": "core:uranus",
 "mu_m3s2": 192400000000.0,
 "radius_m": 761400.0,
 "rotation_period_s": 1163531.0830666297,
 "elements": {
  "a_m": 583520000.0,
  "e": 0.0014,
  "lon_peri_rad": 0.0,
  "t_peri_s": -727206.926917,
  "sense": 1
 },
 "soi_m": 9430818.24393325
}
