{
 "id": "core:pluto",
 "parent": "core:sun",
 "mu_m3s2": 869600000000.0,
 "radius_m": 1188300.0,
 "rotation_period_s": 551836.7999999999,
 "elements": {
  "a_m": 5906400000000.0,
  "e": 0.2488,
  "lon_peri_rad": 3.9112828537,
  "t_peri_s": -1870269902.18704,
  "sense": 1
 },
 "soi_m": 3146922258.28695
}
