{
 "id": "core:psyche",
 "parent": "core:sun",
 "mu_m3s2": 1530000000.0,
 "radius_m": 111000.0,
 "rotation_period_s": 15105.599999999999,
 "elements": {
  "a_m": 437400000000.0,
  "e": 0.134,
  "lon_peri_rad": 0.3368485456,
  "t_peri_s": -132356922.793965,
  "sense": 1
 },
 "soi_m": 18432773.960196286
}
