{
 "id": "core:uranus",
 "parent": "core:sun",
 "mu_m3s2": 5793900000000000.0,
 "radius_m": 25362000.0,
 "rotation_period_s": -62063.99999999999,
 "elements": {
  "a_m": 2870700000000.0,
  "e": 0.0472,
  "lon_peri_rad": 2.9845130209,
  "t_peri_s": -2595330174.873951,
  "sense": 1
 },
 "soi_m": 51762060229.042656
}
