{
 "id": "core:vesta",
 "parent": "core:sun",
 "mu_m3s2": 17300000000.0,
 "radius_m": 262700.0,
 "rotation_period_s": 19231.199999999997,
 "elements": {
  "a_m": 353300000000.0,
  "e": 0.089,
  "lon_peri_rad": 4.4505895926,
  "t_peri_s": -53767978.820043,
  "sense": 1
 },
 "soi_m": 39282346.764764845
}
